episode,test_reward_average_last_100
1000,-7.908670760538107
2000,16.178415001237603
3000,-54.347621795789685
4000,34.203166390954664
