episode,test_reward_average_last_100
1000,-2.024176237139703
2000,-1.2222278699769098
