episode,test_reward_average_last_100
1000,-20.60763130804929
2000,-14.414642435841714
3000,-25.929003249203518
4000,18.860858095089906
5000,-35.17618531724147
6000,14.379812320393478
7000,78.17908002144488
8000,77.5072074152112
9000,91.05758031322739
10000,84.00150489615065
