episode,test_reward_average_last_100
1000,-20.60763130804929
2000,-14.414642435841714
3000,-25.929003249203518
